{
    "name": "Camera",
    "location": [
        32.19370651245117,
        -34.82505798339844,
        15.092218399047852
    ],
    "rotation_euler": [
        1.5369352102279663,
        0.014730868861079216,
        0.01851777546107769
    ],
    "lens": 16.962356567382812,
    "sensor_width": 36.0,
    "sensor_height": 24.0,
    "dof_use_dof": false,
    "dof_aperture_fstop": 2.799999952316284
}